{"cameraMode":{"drawMode":0,"name":"Shaded","section":"Shading Mode"},"sceneLighting":false,"audioPlay":false,"sceneViewState":{"m_AlwaysRefresh":false,"showFog":true,"showSkybox":false,"showFlares":true,"showImageEffects":true,"showParticleSystems":true,"showVisualEffectGraphs":true,"m_FxEnabled":false},"in2DMode":false,"pivot":{"x":5.960464477539063e-8,"y":0.6610599756240845,"z":0.03955411911010742},"rotation":{"x":-0.10985586792230606,"y":-0.26729267835617068,"z":0.030688831582665445,"w":-0.9568513035774231},"size":2.7581331729888918,"orthographic":false}