{"cameraMode":{"drawMode":0,"name":"Shaded","section":"Shading Mode"},"sceneLighting":false,"audioPlay":false,"sceneViewState":{"m_AlwaysRefresh":false,"showFog":true,"showSkybox":false,"showFlares":true,"showImageEffects":true,"showParticleSystems":true,"showVisualEffectGraphs":true,"m_FxEnabled":true},"in2DMode":false,"pivot":{"x":-0.503000020980835,"y":0.257999986410141,"z":1.9290000200271607},"rotation":{"x":-0.053796153515577319,"y":0.40214258432388308,"z":-0.023680726066231729,"w":-0.9137245416641235},"size":0.39537957310676577,"orthographic":false}