{"cameraMode":{"drawMode":0,"name":"Shaded","section":"Shading Mode"},"sceneLighting":false,"audioPlay":false,"sceneViewState":{"m_AlwaysRefresh":false,"showFog":true,"showSkybox":false,"showFlares":true,"showImageEffects":true,"showParticleSystems":true,"showVisualEffectGraphs":true,"m_FxEnabled":false},"in2DMode":false,"pivot":{"x":0.009601175785064698,"y":0.21546539664268495,"z":-0.01644141972064972},"rotation":{"x":-0.06271093338727951,"y":0.914187490940094,"z":-0.15533585846424104,"w":-0.36906445026397707},"size":0.12018650770187378,"orthographic":false}