{"cameraMode":{"drawMode":0,"name":"Shaded","section":"Shading Mode"},"sceneLighting":false,"audioPlay":false,"sceneViewState":{"m_AlwaysRefresh":false,"showFog":true,"showSkybox":false,"showFlares":true,"showImageEffects":true,"showParticleSystems":true,"showVisualEffectGraphs":true,"m_FxEnabled":false},"in2DMode":false,"pivot":{"x":-0.8062152862548828,"y":0.7252017259597778,"z":0.5325741767883301},"rotation":{"x":-0.10985586792230606,"y":-0.26729267835617068,"z":0.030688831582665445,"w":-0.9568513035774231},"size":2.7581331729888918,"orthographic":false}