{"cameraMode":{"drawMode":0,"name":"Shaded","section":"Shading Mode"},"sceneLighting":false,"audioPlay":false,"sceneViewState":{"m_AlwaysRefresh":false,"showFog":true,"showSkybox":false,"showFlares":true,"showImageEffects":true,"showParticleSystems":true,"showVisualEffectGraphs":true,"m_FxEnabled":false},"in2DMode":false,"pivot":{"x":-0.8237277269363403,"y":-0.35662245750427248,"z":0.06685662269592285},"rotation":{"x":0.47841039299964907,"y":0.297021746635437,"z":-0.1759900450706482,"w":0.8074221014976502},"size":2.1384737491607668,"orthographic":false}