{"cameraMode":{"drawMode":0,"name":"Shaded","section":"Shading Mode"},"sceneLighting":false,"audioPlay":false,"sceneViewState":{"m_AlwaysRefresh":false,"showFog":true,"showSkybox":false,"showFlares":true,"showImageEffects":true,"showParticleSystems":true,"showVisualEffectGraphs":true,"m_FxEnabled":false},"in2DMode":false,"pivot":{"x":0.021999835968017579,"y":0.4250001907348633,"z":-0.5489997863769531},"rotation":{"x":-0.06271093338727951,"y":0.914187490940094,"z":-0.15533585846424104,"w":-0.36906445026397707},"size":12.12435531616211,"orthographic":false}